{
    "seed_42": {
        "search_times": {
            "transformer_time_s": 10965.372762203217,
            "abc_time_s": 7109.463889360428,
            "total_search_time_s": 18074.836651563644
        },
        "final_training_time_s": 650.5764994621277,
        "transformer_stats": {
            "initial_score": 0.0,
            "best_score": 61.13,
            "best_iter": 1,
            "gain": 61.13
        },
        "abc_stats": {
            "initial_score": 61.62,
            "best_score": 63.43,
            "best_iter": 4,
            "gain": 1.8100000000000023
        },
        "final_accuracy": 0.8429,
        "report": {
            "avion": {
                "precision": 0.8330097087378641,
                "recall": 0.858,
                "f1-score": 0.8453201970443349,
                "support": 1000.0
            },
            "auto": {
                "precision": 0.934010152284264,
                "recall": 0.92,
                "f1-score": 0.9269521410579346,
                "support": 1000.0
            },
            "oiseau": {
                "precision": 0.7748743718592965,
                "recall": 0.771,
                "f1-score": 0.7729323308270677,
                "support": 1000.0
            },
            "chat": {
                "precision": 0.710261569416499,
                "recall": 0.706,
                "f1-score": 0.708124373119358,
                "support": 1000.0
            },
            "cerf": {
                "precision": 0.8323293172690763,
                "recall": 0.829,
                "f1-score": 0.8306613226452906,
                "support": 1000.0
            },
            "chien": {
                "precision": 0.7862985685071575,
                "recall": 0.769,
                "f1-score": 0.7775530839231547,
                "support": 1000.0
            },
            "grenouille": {
                "precision": 0.8604651162790697,
                "recall": 0.888,
                "f1-score": 0.8740157480314961,
                "support": 1000.0
            },
            "cheval": {
                "precision": 0.8877551020408163,
                "recall": 0.87,
                "f1-score": 0.8787878787878788,
                "support": 1000.0
            },
            "navire": {
                "precision": 0.9166666666666666,
                "recall": 0.902,
                "f1-score": 0.9092741935483871,
                "support": 1000.0
            },
            "camion": {
                "precision": 0.8927875243664717,
                "recall": 0.916,
                "f1-score": 0.9042448173741362,
                "support": 1000.0
            },
            "accuracy": 0.8429,
            "macro avg": {
                "precision": 0.8428458097427182,
                "recall": 0.8429,
                "f1-score": 0.8427866086359039,
                "support": 10000.0
            },
            "weighted avg": {
                "precision": 0.8428458097427183,
                "recall": 0.8429,
                "f1-score": 0.8427866086359039,
                "support": 10000.0
            }
        }
    }
}