{
    "seed_42": {
        "search_times": {
            "transformer_time_s": 0.0,
            "abc_time_s": 12138.26681303978,
            "total_search_time_s": 12138.26681303978
        },
        "final_training_time_s": 2904.2408995628357,
        "abc_stats": {
            "initial_score": 0.0,
            "best_score": 64.65,
            "best_iter": 10,
            "gain": 64.65
        },
        "final_accuracy": 0.8092,
        "report": {
            "avion": {
                "precision": 0.8098455598455598,
                "recall": 0.839,
                "f1-score": 0.8241650294695482,
                "support": 1000.0
            },
            "auto": {
                "precision": 0.9069529652351738,
                "recall": 0.887,
                "f1-score": 0.8968655207280081,
                "support": 1000.0
            },
            "oiseau": {
                "precision": 0.7577374599786553,
                "recall": 0.71,
                "f1-score": 0.73309241094476,
                "support": 1000.0
            },
            "chat": {
                "precision": 0.6582278481012658,
                "recall": 0.624,
                "f1-score": 0.6406570841889117,
                "support": 1000.0
            },
            "cerf": {
                "precision": 0.8021653543307087,
                "recall": 0.815,
                "f1-score": 0.808531746031746,
                "support": 1000.0
            },
            "chien": {
                "precision": 0.7168316831683168,
                "recall": 0.724,
                "f1-score": 0.7203980099502487,
                "support": 1000.0
            },
            "grenouille": {
                "precision": 0.8222637979420019,
                "recall": 0.879,
                "f1-score": 0.8496858385693572,
                "support": 1000.0
            },
            "cheval": {
                "precision": 0.8614270941054809,
                "recall": 0.833,
                "f1-score": 0.8469750889679716,
                "support": 1000.0
            },
            "navire": {
                "precision": 0.8846918489065606,
                "recall": 0.89,
                "f1-score": 0.8873379860418744,
                "support": 1000.0
            },
            "camion": {
                "precision": 0.8625363020329139,
                "recall": 0.891,
                "f1-score": 0.8765371372356124,
                "support": 1000.0
            },
            "accuracy": 0.8092,
            "macro avg": {
                "precision": 0.8082679913646638,
                "recall": 0.8091999999999999,
                "f1-score": 0.8084245852128038,
                "support": 10000.0
            },
            "weighted avg": {
                "precision": 0.8082679913646639,
                "recall": 0.8092,
                "f1-score": 0.8084245852128039,
                "support": 10000.0
            }
        }
    }
}