{
    "seed_42": {
        "search_times": {
            "transformer_time_s": 0.0,
            "abc_time_s": 7260.263597488403,
            "total_search_time_s": 7260.263597488403
        },
        "final_training_time_s": 3181.117845058441,
        "abc_stats": {
            "initial_score": 0.0,
            "best_score": 61.14,
            "best_iter": 41,
            "gain": 61.14
        },
        "final_accuracy": 0.7789,
        "report": {
            "avion": {
                "precision": 0.7778864970645792,
                "recall": 0.795,
                "f1-score": 0.7863501483679525,
                "support": 1000.0
            },
            "auto": {
                "precision": 0.8926380368098159,
                "recall": 0.873,
                "f1-score": 0.8827098078867543,
                "support": 1000.0
            },
            "oiseau": {
                "precision": 0.7076591154261057,
                "recall": 0.656,
                "f1-score": 0.6808510638297872,
                "support": 1000.0
            },
            "chat": {
                "precision": 0.6416490486257929,
                "recall": 0.607,
                "f1-score": 0.6238437821171634,
                "support": 1000.0
            },
            "cerf": {
                "precision": 0.7325692454632283,
                "recall": 0.767,
                "f1-score": 0.7493893502686859,
                "support": 1000.0
            },
            "chien": {
                "precision": 0.7001934235976789,
                "recall": 0.724,
                "f1-score": 0.711897738446411,
                "support": 1000.0
            },
            "grenouille": {
                "precision": 0.8149905123339658,
                "recall": 0.859,
                "f1-score": 0.8364167478091529,
                "support": 1000.0
            },
            "cheval": {
                "precision": 0.8147389969293757,
                "recall": 0.796,
                "f1-score": 0.8052604957005564,
                "support": 1000.0
            },
            "navire": {
                "precision": 0.8605817452357071,
                "recall": 0.858,
                "f1-score": 0.8592889334001002,
                "support": 1000.0
            },
            "camion": {
                "precision": 0.8388998035363457,
                "recall": 0.854,
                "f1-score": 0.846382556987116,
                "support": 1000.0
            },
            "accuracy": 0.7789,
            "macro avg": {
                "precision": 0.7781806425022595,
                "recall": 0.7788999999999999,
                "f1-score": 0.778239062481368,
                "support": 10000.0
            },
            "weighted avg": {
                "precision": 0.7781806425022595,
                "recall": 0.7789,
                "f1-score": 0.7782390624813679,
                "support": 10000.0
            }
        }
    }
}