{
    "seed_42": {
        "search_times": {
            "transformer_time_s": 0.0,
            "abc_time_s": 7260.263597488403,
            "total_search_time_s": 7260.263597488403
        },
        "final_training_time_s": 3181.117845058441,
        "abc_stats": {
            "initial_score": 0.0,
            "best_score": 61.14,
            "best_iter": 41,
            "gain": 61.14
        },
        "final_accuracy": 0.7789,
        "report": {
            "avion": {
                "precision": 0.7778864970645792,
                "recall": 0.795,
                "f1-score": 0.7863501483679525,
                "support": 1000.0
            },
            "auto": {
                "precision": 0.8926380368098159,
                "recall": 0.873,
                "f1-score": 0.8827098078867543,
                "support": 1000.0
            },
            "oiseau": {
                "precision": 0.7076591154261057,
                "recall": 0.656,
                "f1-score": 0.6808510638297872,
                "support": 1000.0
            },
            "chat": {
                "precision": 0.6416490486257929,
                "recall": 0.607,
                "f1-score": 0.6238437821171634,
                "support": 1000.0
            },
            "cerf": {
                "precision": 0.7325692454632283,
                "recall": 0.767,
                "f1-score": 0.7493893502686859,
                "support": 1000.0
            },
            "chien": {
                "precision": 0.7001934235976789,
                "recall": 0.724,
                "f1-score": 0.711897738446411,
                "support": 1000.0
            },
            "grenouille": {
                "precision": 0.8149905123339658,
                "recall": 0.859,
                "f1-score": 0.8364167478091529,
                "support": 1000.0
            },
            "cheval": {
                "precision": 0.8147389969293757,
                "recall": 0.796,
                "f1-score": 0.8052604957005564,
                "support": 1000.0
            },
            "navire": {
                "precision": 0.8605817452357071,
                "recall": 0.858,
                "f1-score": 0.8592889334001002,
                "support": 1000.0
            },
            "camion": {
                "precision": 0.8388998035363457,
                "recall": 0.854,
                "f1-score": 0.846382556987116,
                "support": 1000.0
            },
            "accuracy": 0.7789,
            "macro avg": {
                "precision": 0.7781806425022595,
                "recall": 0.7788999999999999,
                "f1-score": 0.778239062481368,
                "support": 10000.0
            },
            "weighted avg": {
                "precision": 0.7781806425022595,
                "recall": 0.7789,
                "f1-score": 0.7782390624813679,
                "support": 10000.0
            }
        }
    },
    "seed_43": {
        "search_times": {
            "transformer_time_s": 0.0,
            "abc_time_s": 4979.459517717361,
            "total_search_time_s": 4979.459517717361
        },
        "final_training_time_s": 896.6121916770935,
        "abc_stats": {
            "initial_score": 0.0,
            "best_score": 57.21,
            "best_iter": 33,
            "gain": 57.21
        },
        "final_accuracy": 0.6946,
        "report": {
            "avion": {
                "precision": 0.733201581027668,
                "recall": 0.742,
                "f1-score": 0.7375745526838966,
                "support": 1000.0
            },
            "auto": {
                "precision": 0.783109404990403,
                "recall": 0.816,
                "f1-score": 0.7992164544564153,
                "support": 1000.0
            },
            "oiseau": {
                "precision": 0.6138613861386139,
                "recall": 0.496,
                "f1-score": 0.5486725663716814,
                "support": 1000.0
            },
            "chat": {
                "precision": 0.5508083140877598,
                "recall": 0.477,
                "f1-score": 0.5112540192926045,
                "support": 1000.0
            },
            "cerf": {
                "precision": 0.6345776031434185,
                "recall": 0.646,
                "f1-score": 0.6402378592666006,
                "support": 1000.0
            },
            "chien": {
                "precision": 0.5789473684210527,
                "recall": 0.605,
                "f1-score": 0.5916870415647921,
                "support": 1000.0
            },
            "grenouille": {
                "precision": 0.6869350862777321,
                "recall": 0.836,
                "f1-score": 0.7541723049165538,
                "support": 1000.0
            },
            "cheval": {
                "precision": 0.761854583772392,
                "recall": 0.723,
                "f1-score": 0.7419189327860441,
                "support": 1000.0
            },
            "navire": {
                "precision": 0.7970297029702971,
                "recall": 0.805,
                "f1-score": 0.8009950248756219,
                "support": 1000.0
            },
            "camion": {
                "precision": 0.7744433688286544,
                "recall": 0.8,
                "f1-score": 0.7870142646335465,
                "support": 1000.0
            },
            "accuracy": 0.6946,
            "macro avg": {
                "precision": 0.6914768399657992,
                "recall": 0.6945999999999999,
                "f1-score": 0.6912743020847756,
                "support": 10000.0
            },
            "weighted avg": {
                "precision": 0.6914768399657991,
                "recall": 0.6946,
                "f1-score": 0.6912743020847757,
                "support": 10000.0
            }
        }
    },
    "seed_44": {
        "search_times": {
            "transformer_time_s": 0.0,
            "abc_time_s": 4615.482348918915,
            "total_search_time_s": 4615.482348918915
        },
        "final_training_time_s": 2865.820844888687,
        "abc_stats": {
            "initial_score": 0.0,
            "best_score": 61.54,
            "best_iter": 57,
            "gain": 61.54
        },
        "final_accuracy": 0.7436,
        "report": {
            "avion": {
                "precision": 0.7545638945233266,
                "recall": 0.744,
                "f1-score": 0.7492447129909365,
                "support": 1000.0
            },
            "auto": {
                "precision": 0.8384912959381045,
                "recall": 0.867,
                "f1-score": 0.8525073746312685,
                "support": 1000.0
            },
            "oiseau": {
                "precision": 0.6492942453854506,
                "recall": 0.598,
                "f1-score": 0.6225923997917752,
                "support": 1000.0
            },
            "chat": {
                "precision": 0.5859030837004405,
                "recall": 0.532,
                "f1-score": 0.5576519916142557,
                "support": 1000.0
            },
            "cerf": {
                "precision": 0.7203140333660452,
                "recall": 0.734,
                "f1-score": 0.7270926201089648,
                "support": 1000.0
            },
            "chien": {
                "precision": 0.6473988439306358,
                "recall": 0.672,
                "f1-score": 0.6594700686947988,
                "support": 1000.0
            },
            "grenouille": {
                "precision": 0.7693710118505014,
                "recall": 0.844,
                "f1-score": 0.804959465903672,
                "support": 1000.0
            },
            "cheval": {
                "precision": 0.8100616016427105,
                "recall": 0.789,
                "f1-score": 0.7993920972644377,
                "support": 1000.0
            },