{
    "seed_42": {
        "search_times": {
            "transformer_time_s": 2538.189286470413,
            "abc_time_s": 0.0,
            "total_search_time_s": 2538.189286470413
        },
        "final_training_time_s": 5771.716018915176,
        "final_accuracy": 0.8338,
        "report": {
            "avion": {
                "precision": 0.8196564885496184,
                "recall": 0.859,
                "f1-score": 0.8388671875,
                "support": 1000.0
            },
            "auto": {
                "precision": 0.9243188698284561,
                "recall": 0.916,
                "f1-score": 0.9201406328478152,
                "support": 1000.0
            },
            "oiseau": {
                "precision": 0.772823779193206,
                "recall": 0.728,
                "f1-score": 0.7497425334706488,
                "support": 1000.0
            },
            "chat": {
                "precision": 0.7239915074309978,
                "recall": 0.682,
                "f1-score": 0.7023686920700309,
                "support": 1000.0
            },
            "cerf": {
                "precision": 0.8093812375249501,
                "recall": 0.811,
                "f1-score": 0.8101898101898102,
                "support": 1000.0
            },
            "chien": {
                "precision": 0.7607244995233555,
                "recall": 0.798,
                "f1-score": 0.7789165446559297,
                "support": 1000.0
            },
            "grenouille": {
                "precision": 0.8465250965250966,
                "recall": 0.877,
                "f1-score": 0.8614931237721022,
                "support": 1000.0
            },
            "cheval": {
                "precision": 0.8624127617148555,
                "recall": 0.865,
                "f1-score": 0.8637044433349975,
                "support": 1000.0
            },
            "navire": {
                "precision": 0.9076305220883534,
                "recall": 0.904,
                "f1-score": 0.905811623246493,
                "support": 1000.0
            },
            "camion": {
                "precision": 0.9061553985872856,
                "recall": 0.898,
                "f1-score": 0.9020592667001507,
                "support": 1000.0
            },
            "accuracy": 0.8338,
            "macro avg": {
                "precision": 0.8333620160966173,
                "recall": 0.8337999999999999,
                "f1-score": 0.8333293857787979,
                "support": 10000.0
            },
            "weighted avg": {
                "precision": 0.8333620160966175,
                "recall": 0.8338,
                "f1-score": 0.8333293857787978,
                "support": 10000.0
            }
        }
    }
}